Label,Text
true,"Absolutely loved it, works exactly as promised."
true,Great quality and fast delivery.
true,Excellent product; I would buy it again.
true,Super easy to set up and use.
true,"Five stars, very satisfied!"
true,Solid build and nice finish.
true,Customer support was friendly and helpful.
true,Better than expected for the price.
true,Does the job perfectly.
true,Amazing experience from start to finish.
true,"High quality, feels premium."
true,It arrived early and in perfect condition.
true,The instructions were clear and setup was quick.
true,"Very reliable so far, no issues."
true,I’m impressed—excellent value.
true,"Top-notch performance, highly recommend."
true,Comfortable to use and well designed.
true,Exactly what I needed.
true,Works flawlessly every time.
true,Brilliant—would recommend to friends.
true,Surprisingly good and durable.
true,A big improvement over my previous one.
true,Great features and intuitive controls.
true,Satisfied with the purchase.
true,Really happy with how it turned out.
false,Terrible experience; it broke after one day.
false,"Waste of money, very disappointed."
false,Bad quality and poorly made.
false,Not as described—returned it immediately.
false,Customer support was unhelpful.
false,It stopped working within a week.
false,"Awful, would not recommend."
false,The packaging was damaged and the item was scratched.
false,It feels cheap and flimsy.
false,Doesn't work properly; constant issues.
false,Very frustrating to use.
false,Overpriced for what you get.
false,The instructions are confusing and incomplete.
false,It arrived late and missing parts.
false,Completely useless for my needs.
false,Disappointing performance overall.
false,It crashes or fails frequently.
false,"Poor design, hard to operate."
false,Not worth it at all.
false,"Broke quickly, quality control is bad."
false,Looks nice but performs badly.
false,I regret buying this.
false,Noisy and unreliable.
false,Stopped charging/connecting randomly.
false,One of the worst purchases I've made.
